,OXY,HAL,SPY,QQQ,SLB
OXY,1.0,0.8839901319316943,0.6845257694095395,0.47811689635693616,0.10922204267311161
HAL,0.8839901319316943,1.0,0.6130360520998775,0.2931991666280777,0.1703904238111207
SPY,0.6845257694095395,0.6130360520998775,1.0,0.8449019579967942,-0.0022152847822614896
QQQ,0.47811689635693616,0.2931991666280777,0.8449019579967942,1.0,0.029171061182972233
SLB,0.10922204267311161,0.1703904238111207,-0.0022152847822614896,0.029171061182972233,1.0
